{
  "pretrain": {
    "addition": {
      "train_losses": [
        49.53829397470343,
        3.985281123151085,
        3.3768689588559107,
        2.76007417063337,
        3.232908717163873
      ],
      "eval_losses": [
        0.4639701772881285,
        0.47966059231040076,
        4.316376277356394,
        39.657324205676964,
        0.9807650514834764
      ],
      "specialization_scores": [
        0.33333333333333337,
        0.33333333333333337,
        0.33333333333333337,
        0.33333333333333337,
        0.33333333333333337
      ]
    },
    "multiplication": {
      "train_losses": [
        0.0004396539762920178,
        0.00020090256197957673,
        0.0001403116192270677,
        9.141028701117182e-05,
        6.560915186875396e-05
      ],
      "eval_losses": [
        5.380944415362407e-05,
        3.725665912078439e-05,
        0.00013677188123674443,
        2.783595279608126e-05,
        0.00018989515658160116
      ],
      "specialization_scores": [
        0.333288050956157,
        0.33318172211109565,
        0.3332571874652842,
        0.3332929248531125,
        0.3333052074626419
      ]
    },
    "pattern": {
      "train_losses": [
        1.1900237216245722,
        0.09874996477520322,
        0.0829491061943659,
        0.07714725729659488,
        0.0710978133163486
      ],
      "eval_losses": [
        0.07234640939737652,
        0.07965171346536454,
        0.0924479311705416,
        0.052095035814193384,
        0.02084214945958223
      ],
      "specialization_scores": [
        0.1961765700203998,
        0.19619205129872197,
        0.1961960620948629,
        0.19619791581536541,
        0.1961989678555963
      ]
    }
  },
  "joint": {
    "addition": {
      "train_losses": [
        2.3147112140736126,
        2.222310678304988,
        2.638109341501785,
        2.349388403061259,
        2.589392834877267,
        2.3070477649348704,
        2.3178893927963715,
        2.0811574478991397,
        1.6973431970714425,
        1.7764902275646666
      ],
      "eval_losses": [
        5.689164615693168,
        8.038233083607894,
        0.6750439749555773,
        1.373005135453113,
        0.7955677085308107,
        1.6431074231594458,
        0.8539617676079309,
        0.4091621581927157,
        2.066883614406505,
        0.5464557287593665
      ],
      "specialization_scores": [
        0.19219711056486402,
        0.19610336220689675,
        0.19427797403557442,
        0.192723531953456,
        0.18884647806868154,
        0.18336335562249037,
        0.17888235156083152,
        0.1753837697142099,
        0.17233658790754303,
        0.16958825079088816
      ]
    },
    "multiplication": {
      "train_losses": [
        4.6140554090109903e-05,
        3.3717456121266695e-05,
        3.8306355088107215e-05,
        2.8932384748128946e-05,
        2.3076554782900023e-05,
        1.8807459364805734e-05,
        1.5528366087988175e-05,
        2.1963645728641977e-05,
        1.678945073904997e-05,
        1.6730267494873485e-05
      ],
      "eval_losses": [
        7.881245295974206e-06,
        6.898387314504949e-06,
        1.4499689264181991e-05,
        1.2001941202521776e-05,
        4.388951839926407e-05,
        1.0452393429016265e-05,
        1.1179128664703557e-05,
        5.450324499029419e-06,
        1.2590548324553932e-05,
        2.6861924548401917e-05
      ],
      "specialization_scores": [
        0.1986971193218795,
        0.19664247531233298,
        0.19461908435825145,
        0.19300346171880003,
        0.19091309847961643,
        0.18357686490770578,
        0.17920457080642957,
        0.17559583858772895,
        0.17261896897498094,
        0.16983121351600883
      ]
    },
    "pattern": {
      "train_losses": [
        0.06416705242664264,
        0.05396427237981836,
        0.05489019870928973,
        0.06388461530745085,
        0.05192064520754302,
        0.04739057574254321,
        0.03927589264384585,
        0.03985651419388772,
        0.040955438550890386,
        0.0387346301013844
      ],
      "eval_losses": [
        0.013511129463188457,
        0.14583689009554784,
        0.03584734154175275,
        0.6320250134462045,
        0.07482702914225978,
        0.07362873477022748,
        0.064072788326012,
        0.015676326432128452,
        0.04433102237727422,
        0.01932400554763129
      ],
      "specialization_scores": [
        0.19869899188609386,
        0.1967689117926613,
        0.1947167176782595,
        0.19094283524149136,
        0.18508371361635503,
        0.18031003345040822,
        0.1766651031696848,
        0.17353788437332543,
        0.1709250652527291,
        0.16887866621128617
      ]
    }
  },
  "adapt": {
    "addition": {
      "train_losses": [
        8.817879262789418,
        4.212599740614021,
        3.564698800743941,
        4.125744412167374,
        3.392609360190521
      ],
      "eval_losses": [
        147.48105117974256,
        109.54314015451604,
        125.69983460136966,
        106.26539173095976,
        115.03259628295386
      ],
      "specialization_scores": [
        0.16835425461998807,
        0.1677217150294798,
        0.16714823522018288,
        0.16653388835681465,
        0.16598459139033234
      ]
    },
    "multiplication": {
      "train_losses": [
        2.6152580376678628e-05,
        1.5913864496291117e-05,
        1.9501258213550417e-05,
        1.2842830195974273e-05,
        1.4021661522186617e-05
      ],
      "eval_losses": [
        0.000107203312153744,
        0.00014817379277639857,
        0.00011842038834257268,
        0.00015287888659778925,
        0.00012454444894142522
      ],
      "specialization_scores": [
        0.16607214135401233,
        0.16615485761036855,
        0.16623385466050092,
        0.16631248019819403,
        0.16638816656018854
      ]
    },
    "pattern": {
      "train_losses": [
        0.10461988282808844,
        0.04592938601349252,
        0.04611642268162369,
        0.04514467179995995,
        0.043457386211217475
      ],
      "eval_losses": [
        1.6666397657004088,
        1.6420620477913122,
        1.636873914038031,
        1.6188716743870704,
        1.6213111868678158
      ],
      "specialization_scores": [
        0.1662299522398519,
        0.1664797364983509,
        0.16689734008248702,
        0.16729235393080985,
        0.1676665627494674
      ]
    }
  }
}