{
  "pretrain": {
    "addition": {
      "train_losses": [
        1186.919859235152,
        287.71458206082184,
        216.75932361037954,
        190.78383992114104,
        178.39718293511027
      ],
      "eval_losses": [
        341.4725924156657,
        155.0696284421184,
        166.12494498064677,
        127.64206760239797,
        112.10655863130529
      ],
      "specialization_scores": []
    },
    "multiplication": {
      "train_losses": [
        18.75912036894533,
        9.970167286274092,
        4.543563184616967,
        1.6534845165935212,
        0.4449643217878218
      ],
      "eval_losses": [
        1.37561435380302,
        0.40561994215848607,
        0.02593934148111603,
        0.07913758840666742,
        0.009977817788467715
      ],
      "specialization_scores": []
    },
    "pattern": {
      "train_losses": [
        1.9568650618378465,
        0.6642553072507758,
        0.3927713711145581,
        0.3297129611909569,
        0.28635348506728986
      ],
      "eval_losses": [
        0.1280642529598262,
        0.21343999959596965,
        0.06388920091519788,
        0.10233629139295027,
        0.05451883525949515
      ],
      "specialization_scores": []
    }
  },
  "joint": {
    "addition": {
      "train_losses": [
        345.8048871710732,
        146.45464407969456,
        124.66892478981713,
        113.8078597127713,
        110.48283734116316,
        119.78025313531752,
        96.75722929426614,
        106.96904519784314,
        114.7832335025877,
        99.38603947620423
      ],
      "eval_losses": [
        259.0501443985297,
        66.13938080549698,
        51.97442942329287,
        85.32078311064598,
        61.61366383134942,
        52.219285243704455,
        63.62971233468848,
        46.17708106715916,
        72.21517184459057,
        68.2075566089068
      ],
      "specialization_scores": []
    },
    "multiplication": {
      "train_losses": [
        0.7723822655772801,
        0.8925698095543353,
        0.5323350427394106,
        0.5582830878057969,
        0.4276750888576972,
        0.3095040968127589,
        0.2885436921085556,
        0.3749271324424005,
        0.2824594362598103,
        0.29134059756464853
      ],
      "eval_losses": [
        0.04740090294475274,
        0.014763724454849669,
        0.03770490767407159,
        0.03505226971267496,
        0.12007481145185012,
        0.060878858133417514,
        0.012775085751535279,
        0.031604289870466575,
        0.02575029340151238,
        0.03671454055045126
      ],
      "specialization_scores": []
    },
    "pattern": {
      "train_losses": [
        1.458342956649463,
        1.1723602456107736,
        1.0864544932307132,
        0.8475128872442645,
        0.752864339167562,
        0.6501176987680255,
        0.5785266214130173,
        0.6131196400943214,
        0.5941595158134263,
        0.6725571744999327
      ],
      "eval_losses": [
        0.176595463482792,
        0.41400715947973465,
        0.22935259641593145,
        0.03291922334507614,
        0.04664778790541799,
        0.09408765735416139,
        0.6019145120423458,
        0.5104979967505568,
        0.16408004506842722,
        0.10968272327849099
      ],
      "specialization_scores": []
    }
  },
  "adapt": {
    "addition": {
      "train_losses": [
        209.89004976383845,
        66.7735354530856,
        111.13276305505441,
        110.5388659953828,
        90.2716520359103
      ],
      "eval_losses": [
        127.91195860114604,
        82.95285108143096,
        68.0602147203128,
        71.4529794901649,
        70.60879608016978
      ],
      "specialization_scores": []
    },
    "multiplication": {
      "train_losses": [
        0.30216794287557575,
        0.2790134270067754,
        0.2403465066651346,
        0.21577334538297632,
        0.1654266426499953
      ],
      "eval_losses": [
        0.05330477195339222,
        0.05483431924146405,
        0.04197008656250246,
        0.022823953165733768,
        0.01297257637132175
      ],
      "specialization_scores": []
    },
    "pattern": {
      "train_losses": [
        0.8435934777358944,
        0.5895159996311174,
        0.6399228696517566,
        0.6976352158671704,
        0.5573698884494248
      ],
      "eval_losses": [
        1.4956598155921395,
        2.0503843030483653,
        2.835681619008015,
        3.760062840814907,
        1.8731233579682265
      ],
      "specialization_scores": []
    }
  }
}