{
  "pretrain": {
    "addition": {
      "train_losses": [
        891.8824305983509,
        227.05307662185638,
        184.18666927908387,
        149.85667006119922,
        127.69948560315169
      ],
      "eval_losses": [
        169.1444799663822,
        86.3840180137293,
        181.71112172928716,
        91.69651424108365,
        153.2126592143361
      ],
      "specialization_scores": []
    },
    "multiplication": {
      "train_losses": [
        2.7420243268547937,
        0.6373146800458066,
        0.15454930170458253,
        0.018076058129454488,
        0.00251442700238363
      ],
      "eval_losses": [
        0.11618041235088325,
        0.003183236291140048,
        0.019267484946160495,
        0.002072050790507092,
        0.0008023350015412625
      ],
      "specialization_scores": []
    },
    "pattern": {
      "train_losses": [
        1.362938512468005,
        0.4769718579152218,
        0.3835482145094639,
        0.3008883952550616,
        0.27092246631950967
      ],
      "eval_losses": [
        0.03693301163266532,
        0.1900365233296757,
        0.34341076707008794,
        0.03526106102272307,
        0.3483976179753506
      ],
      "specialization_scores": []
    }
  },
  "joint": {
    "addition": {
      "train_losses": [
        210.91120482172053,
        138.39267231105848,
        140.3123773283124,
        127.92131165001214,
        110.75229906629431,
        95.97925406822797,
        72.66376526107952,
        91.12491372353453,
        72.7755422092403,
        67.54740247464736
      ],
      "eval_losses": [
        41.968778566266074,
        33.861725818155875,
        66.24229029534973,
        19.62238901865628,
        24.00872764863176,
        45.11254204587192,
        10.924830940684522,
        17.850487452671675,
        23.234116624023414,
        26.270668580620253
      ],
      "specialization_scores": []
    },
    "multiplication": {
      "train_losses": [
        1.217097451802197,
        0.8339039743131945,
        0.6621193885825483,
        0.6052870597641579,
        0.5190878626845312,
        0.4186714248288363,
        0.3773961541864143,
        0.33777941619185914,
        0.3615247907985026,
        0.3016903992326125
      ],
      "eval_losses": [
        0.054801684539602775,
        0.013790766149699735,
        0.010692341540574472,
        0.05846895661351448,
        0.007775878646487911,
        0.017078956723304145,
        0.039995643771466347,
        0.018663676889230346,
        0.010280524508005581,
        0.047196134356376436
      ],
      "specialization_scores": []
    },
    "pattern": {
      "train_losses": [
        0.7497438998555849,
        0.6613196630624278,
        0.6620708819657379,
        0.5622241972749792,
        0.542689515389643,
        0.5600323098283085,
        0.5157095094063983,
        0.5095061147004887,
        0.5116470029493435,
        0.5234750856758523
      ],
      "eval_losses": [
        0.26126869461612356,
        0.07764780218703093,
        0.04192304337245512,
        0.3272332233888915,
        0.03961276806852848,
        1.013824258482636,
        0.03170041492324832,
        0.04057593786291507,
        0.04059090550385458,
        0.13436840396016442
      ],
      "specialization_scores": []
    }
  },
  "adapt": {
    "addition": {
      "train_losses": [
        166.8695087405467,
        85.38238267395118,
        78.60565602747799,
        58.78568127743633,
        63.85237501500356
      ],
      "eval_losses": [
        83.4849049227377,
        73.41922116969982,
        50.69236127825967,
        82.78773370822726,
        105.79314905984432
      ],
      "specialization_scores": []
    },
    "multiplication": {
      "train_losses": [
        0.40207307502036055,
        0.24932113125894143,
        0.17988764550066225,
        0.15395178359495978,
        0.13139877883154905
      ],
      "eval_losses": [
        0.04569670542620112,
        0.08245522039838721,
        0.06443688427302459,
        0.012294285950475554,
        0.10876548260857817
      ],
      "specialization_scores": []
    },
    "pattern": {
      "train_losses": [
        0.7644305047090217,
        0.5648591040428409,
        0.5611977925327984,
        0.5363050460564192,
        0.4426138379434048
      ],
      "eval_losses": [
        1.9682225900656047,
        1.2550845810444893,
        2.0852522528945614,
        2.2135346261750795,
        1.4820988773014314
      ],
      "specialization_scores": []
    }
  }
}